BUSINESS,BUSINESS_TAGS,TIME,WEEKDAY,OCCURRENCE_TYPES,NEIGHBORHOOD,ADDRESS_STREET,ADDRESS_UNIT,ADDRESS_CITY,ADDRESS_STATE,ADDRESS_ZIP,PRIZE_1_TYPE,PRIZE_1_AMOUNT,PRIZE_2_TYPE,PRIZE_2_AMOUNT,PRIZE_3_TYPE,PRIZE_3_AMOUNT,HOST,EVENT_TYPE
12 STEPS DOWN,BAR,8:00 PM,WEDNESDAY,,BELLA VISTA,831 CHRISTIAN ST,,PHILADELPHIA,PA,19147,GIFT_CARD,30,GIFT_CARD,15,,,HTOTHEQUIZZO,MUSIC_QUIZZO
SEPARATIST BEER PROJECT,BAR,8:00 PM,THURSDAY,,,101 NORTHAMPTON ST,,EASTON,PA,18042,,,,,,,MFROME8,QUIZZO
KRICK WUDER SALOON,BAR,7:00 PM,WEDNESDAY,,BRIDESBURG,2676 BRIDGE ST,,PHILADELPHIA,PA,19137,,,,,,,THEPHILLYCAPTAIN,QUIZZO
DAVE AND BUSTER'S,"BAR,ARCADE",7:30 PM,TUESDAY,,DELAWARE AVE,325 N CHRISTOPHER COLUMBUS BLVD,,PHILADELPHIA,PA,19106,,,,,,,GEEKS WHO DRINK,QUIZZO
TOP GOLF,"BAR,GOLF",6:30 PM,THURSDAY,,NORTHEAST PHILADELPHIA,2140 BYBERRY RD,,PHILADELPHIA,PA,19116,,,,,,,GEEKS WHO DRINK,QUIZZO
NORTH PENN SOCIAL CLUB,"BAR,SOCIAL_CLUB",7:30 PM,TUESDAY,,,141 S MAIN ST,,NORTH WALES,PA,19454,,,,,,,THE QUIZZO GUYS,QUIZZO
PHILADELPHIA BREWING COMPANY,BREWERY,7:30 PM,TUESDAY,,EAST KENSINGTON,2440 FRANKFORD AVE,,PHILADELPHIA,PA,19125,,,,,,,BARRETT,QUIZZO
EVIL GENIUS BEER COMPANY,BREWERY,7:00 PM,WEDNESDAY,,FISHTOWN,1727 N FRONT ST,,PHILADELPHIA,PA,19122,,,,,,,LUNCH MONEY QUIZZO,QUIZZO
NESHAMINY BREWING,BREWERY,7:05 PM,THURSDAY,THIRD_OF_MONTH,,909 RAY AVE,,CROYDON,PA,19021,,,,,,,LUNCH MONEY QUIZZO,QUIZZO
NESHAMINY CREEK BREWING DUBLIN,BREWERY,7:00 PM,THURSDAY,FIRST_OF_MONTH,,139 N MAIN ST,UNIT 1,DUBLIN,PA,18917,,,,,,,LUNCH MONEY QUIZZO,QUIZZO
VONC BREWING CO.,BREWERY,7:00 PM,THURSDAY,,,1210 STANBRIDGE ST,SUITE 300,NORRISTOWN,PA,19401,,,,,,,MIKE ARGY,QUIZZO
FAT LADY BREWING,BREWERY,7:00 PM,WEDNESDAY,,MANAYUNK,4323 MAIN ST,,PHILADELPHIA,PA,19127,CASH,25,CASH,15,CASH,10,QUIZZOMAN,QUIZZO
BROKEN GOBLET BREWING,BREWERY,8:00 PM,WEDNESDAY,,,2500 STATE ROAD,,ANDALUSIA,PA,19120,,,,,,,RIGHTEOUS JOLLY,QUIZZO
PUNCH BUGGY BREWING COMPANY,BREWERY,7:30 PM,WEDNESDAY,,FISHTOWN,1445 N AMERICAN ST,,PHILADELPHIA,PA,19122,,,,,,,SEAN MAGUIRE,QUIZZO
FREE WILL BREWING CO.,BREWERY,7:00 PM,WEDNESDAY,,,410 E WALNUT ST,"#1, 10",PERKASIE,PA,18944,,,,,,,THE QUIZZO GUYS,QUIZZO
CARTESIAN BREWING,BREWERY,7:00 PM,THURSDAY,,SOUTH PHILADELPHIA,326 E PASSYUNK AVE,,PHILADELPHIA,PA,19147,,,,,,,TRIVIA MONTY,QUIZZO
AXE AND ARROW BREWING,BREWERY,7:00 PM,WEDNESDAY,,,105 HIGH ST W,,GLASSBORO,NJ,8028,,,,,,,TRIVIAME,QUIZZO
SOURCE,BREWERY,7:00 PM,MONDAY,,FISHTOWN,1101 FRANKFORD AVE,,PHILADELPHIA,PA,19125,,,,,,,TRIVIATAINMENT,QUIZZO
MEYERS BREWING COMPANY,BREWERY,7:30 PM,THURSDAY,,FISHTOWN,436 E GIRARD AVE,,PHILADELPHIA,PA,19125,,,,,,,,QUIZZO
NAKED BREWING COMPANY,BREWERY,7:00 PM,TUESDAY,,,212 MILL ST,,BRISTOL BOROUGH,PA,19007,,,,,,,,QUIZZO
MECHANICAL BREWERY,BREWERY,6:30 PM,THURSDAY,,,5 PERINA BLVD SUITE,800,CHERRY HILL,NJ,8003,,,,,,,,QUIZZO
BALD BIRDS BREWING,BREWERY,7:00 PM,WEDNESDAY,,,970 RITTENHOUSE RD,#400,AUDUBON,PA,19403,,,,,,,,QUIZZO
LUNACY BREWING COMPANY,BREWERY,7:00 PM,THURSDAY,"SECOND_OF_MONTH,FOURTH_OF_MONTH",,1500 W KINGS HWY,,HADDON HEIGHTS,NJ,8035,,,,,,,,QUIZZO
LOWER FORGE BREWERY,BREWERY,7:00 PM,THURSDAY,,,14 S MAIN ST,,MEDFORD,NJ,8055,,,,,,,,QUIZZO
URBAN VILLAGE BREWING CO.,"BREWERY,BAR",8:00 PM,THURSDAY,,NORTHERN LIBERTIES,1001 N 2ND ST,,PHILADELPHIA,PA,19123,GIFT_CARD,40,GIFT_CARD,25,GIFT_CARD,10,,QUIZZO
LOVE CITY BREWING,"BREWERY,FOOD_TRUCKS",7:00 PM,WEDNESDAY,FIRST_OF_MONTH,CALLOWHILL,1023 HAMILTON ST,,PHILADELPHIA,PA,19123,,,,,,,DJ QUIZZO,QUIZZO
WISSAHICKON BREWING COMPANY,"BREWERY,FOOD_TRUCKS",7:30 PM,THURSDAY,,EAST FALLS,3705 W SCHOOL HOUSE LN,,PHILADELPHIA,PA,19129,,,,,,,SEAN MAGUIRE,QUIZZO
TWISTED GINGERS,"BREWERY,RESTAURANT",6:30 PM,MONDAY,,MANAYUNK,4317 FLEMING ST,,PHILADELPHIA,PA,19128,,,,,,,BREWTENANT DAN,QUIZZO
DOCK STREET SOUTH,"BREWERY,RESTAURANT",8:00 PM,WEDNESDAY,,SOUTH PHILADELPHIA,2118 WASHINGTON AVE,,PHILADELPHIA,PA,19146,,,,,,,JOHNNY GOODTIMES,QUIZZO
TRIPLE BOTTOM BREWING,"BREWERY,RESTAURANT",6:00 PM,WEDNESDAY,"FIRST_OF_MONTH,THIRD_OF_MONTH",SPRING ARTS,915 SPRING GARDEN ST,,PHILADELPHIA,PA,19123,,,,,,,,QUIZZO
OTHER HALF,"BREWERY,RESTAURANT",6:30 PM,WEDNESDAY,,FISHTOWN,1002 CANAL ST,,PHILADELPHIA,PA,19123,,,,,,,,QUIZZO
CHESTNUT HILL BREWING COMPANY,"BREWERY,RESTAURANT",7:00 PM,WEDNESDAY,,CHESTNUT HILL,8231 GERMANTOWN AVE,,PHILADELPHIA,PA,19118,GROWLER,1,,,,,,QUIZZO
VICTORY BREWING COMPANY,"BREWERY,RESTAURANT",6:30 PM,MONDAY,,CENTER CITY,1776 BEN FRANKLIN PARKWAY,,PHILADELPHIA,PA,19103,GIFT_CARD,50,GIFT_CARD,25,BEER_SIX_PACK,1,,QUIZZO
WELL CRAFTED BEER COMPANY,"BREWERY,RESTAURANT",7:30 PM,THURSDAY,,,310 MADISON ST,,LANSDALE,PA,19446,,,,,,,,QUIZZO
ANIMATED BREWING,"BREWERY,RESTAURANT",7:00 PM,WEDNESDAY,,,255 MT AIRY RD,,COATESVILLE,PA,19320,,,,,,,,QUIZZO
EAST BRANCH BREWING CO,"BREWERY,RESTAURANT",7:00 PM,WEDNESDAY,,,202 E LANCASTER AVE,,DOWNINGTOWN,PA,19335,GIFT_CARD,30,,,,,,QUIZZO
HUMAN ROBOT JENKINTOWN,"BREWERY,RESTAURANT",7:00 PM,WEDNESDAY,,,208 YORK RD,,JENKINTOWN,PA,19046,,,,,,,,QUIZZO
WORKHORSE BREWING COMPANY,"BREWERY,RESTAURANT",6:30 PM,TUESDAY,,,250 KING MANOR DR,SUITE 300,KING OF PRUSSIA,PA,19406,,,,,,,,QUIZZO
MIDNIGHT OIL BREWING COMPANY,"BREWERY,RESTAURANT",7:00 PM,TUESDAY,,,74 PENCADER DR,,NEWARK,DE,19702,,,,,,,,QUIZZO
STABLE 12 BREWING CO.,"BREWERY,RESTAURANT",7:00 PM,WEDNESDAY,,,368 BRIDGE ST,,PHOENIXVILLE,PA,19460,,,,,,,,QUIZZO
STICKMAN BREWS,"BREWERY,RESTAURANT",7:00 PM,THURSDAY,,,326 N LEWIS RD,#240,ROYERSFORD,PA,19468,,,,,,,,QUIZZO
IMPRINT BEER CO.,"BREWERY,RESTAURANT,ARCADE,CANTINA",7:00 PM,THURSDAY,"SECOND_OF_MONTH,FOURTH_OF_MONTH",,1500 INDUSTRY RD,STE R,HATFIELD,PA,19440,,,,,,,LUNCH MONEY QUIZZO,QUIZZO
STOLEN SUN BREWING AND ROASTING,"BREWERY,ROASTERY",6:30 PM,WEDNESDAY,,,342 N POTTSTOWN PIKE,SUITE B,EXTON,PA,19341,,,,,,,SHAMUS HALLORAN,QUIZZO
SHADY BROOK FARM,FARMERS_MARKET,7:00 PM,WEDNESDAY,,,931 STONY HILL RD,,YARDLEY,PA,19067,,,,,,,EMILY AND JOE,QUIZZO
SANTUCCI'S,PIZZERIA,7:00 PM,WEDNESDAY,,WEST POPLAR,655 N BROAD ST,,PHILADELPHIA,PA,19123,,,,,,,SJK,QUIZZO
RAMS PIZZA,PIZZERIA,8:00 PM,TUESDAY,,,25 E BROADWAY AVE,,CLIFTON HEIGHTS,PA,19018,,,,,,,,QUIZZO
PAPPOUS PIZZA PUB,"PIZZERIA,BAR",8:00 PM,THURSDAY,,,415 BALTIMORE PIKE,,MORTON,PA,19070,,,,,,,,QUIZZO
TONELLI'S,"PIZZERIA,BAR",7:00 PM,TUESDAY,,,278 EASTON RD,,HORSHAM,PA,19044,,,,,,,,QUIZZO
NICK'S ROAST BEEF WOODHAVEN,RESTAURANT,8:00 PM,THURSDAY,,PARKWOOD,4501 WOODHAVEN RD,,PHILADELPHIA,PA,19154,,,,,,,,QUIZZO
NICK'S ROAST BEEF COTTMAN,RESTAURANT,8:00 PM,WEDNESDAY,,NORTHEAST PHILADELPHIA,2210 COTTMAN AVE,,PHILADELPHIA,PA,19149,,,,,,,,QUIZZO
OLD ORIGINAL NICK'S ROAST BEEF,RESTAURANT,8:00 PM,TUESDAY,,WEST PASSYUNK,2149 S 20TH ST,,PHILADELPHIA,PA,19145,,,,,,,,QUIZZO
SIDE CAR BAR,"RESTAURANT,BAR",8:00 PM,SUNDAY,,GRADUATE HOSPITAL,2201 CHRISTIAN ST,,PHILADELPHIA,PA,19146,,,,,,,3WAYQUIZZO,QUIZZO
INTERSTATE DRAFTHOUSE,"RESTAURANT,BAR",8:00 PM,TUESDAY,,FISHTOWN,1235 E PALMER ST,,PHILADELPHIA,PA,19125,,,,,,,ANXIOUS MILLENIAL QUIZZO,QUIZZO
MIFFLIN TAVERN,"RESTAURANT,BAR",6:30 PM,TUESDAY,,PENNSPORT,1843 S 2ND ST,,PHILADELPHIA,PA,19148,,,,,,,DJ DENIM,QUIZZO
GREAT AMERICAN PUB (CONSHOHOCKEN),"RESTAURANT,BAR",8:00 PM,WEDNESDAY,,,123 FAYETTE ST,,CONSHOHOCKEN,PA,19428,,,,,,,DJ GADGET,QUIZZO
PJ'S NEWTOWN SQUARE,"RESTAURANT,BAR",7:30 PM,TUESDAY,,,4803 WEST CHESTER PIKE,,NEWTOWN SQUARE,PA,19073,,,,,,,DJMUVE,QUIZZO
TIN CAN BAR,"RESTAURANT,BAR",6:00 PM,MONDAY,,PORT RICHMOND,2537 E SOMERSET ST,,PHILADELPHIA,PA,19134,GIFT_CARD,50,,,,,ELI'S QUIZZO REVIVAL,QUIZZO
THE SHIPYARD BAR,"RESTAURANT,BAR",7:00 PM,WEDNESDAY,,PORT RICHMOND,2537 E ONTARIO ST,,PHILADELPHIA,PA,19134,GIFT_CARD,50,,,,,ELI'S QUIZZO REVIVAL,QUIZZO
NATIONAL MECHANICS,"RESTAURANT,BAR",8:00 PM,WEDNESDAY,,OLD CITY,22 S 3RD STREET,,PHILADELPHIA,PA,19106,,,,,,,EZALMIGHTY,QUIZZO
THE AMBASSADOR,"RESTAURANT,BAR",8:00 PM,TUESDAY,"SECOND_OF_MONTH,FOURTH_OF_MONTH",KENSINGTON,635 W GIRARD AVE,,PHILADELPHIA,PA,19123,GIFT_CARD,50,,,,,HTOTHEQUIZZO,MUSIC_QUIZZO
HILLTOWN TAVERN,"RESTAURANT,BAR",8:00 PM,THURSDAY,,FAIRMOUNT,795 N 24TH ST,,PHILADELPHIA,PA,19130,,,,,,,HTOTHEQUIZZO,MUSIC_QUIZZO
SUTTON'S,"RESTAURANT,BAR",8:00 PM,WEDNESDAY,,KENSINGTON,1706 N 5TH ST,,PHILADELPHIA,PA,19122,CASH,50,CASH,25,,,JAWNYQ,QUIZZO
NEW WAVE CAFE,"RESTAURANT,BAR",8:00 PM,MONDAY,,BELLA VISTA,784 S 3RD ST,,PHILADELPHIA,PA,19147,CASH,50,CASH,25,,,JAWNYQ,QUIZZO
STRANGELOVE'S,"RESTAURANT,BAR",8:00 PM,MONDAY,,CENTER CITY,216 S 11TH STREET,,PHILADELPHIA,PA,19107,GIFT_CARD,40,,,,,JB,QUIZZO
ERA,"RESTAURANT,BAR",8:00 PM,WEDNESDAY,,BREWERYTOWN,2743 POPLAR ST,,PHILADELPHIA,PA,19130,,,,,,,JB,QUIZZO
JOHN HENRY ARDMORE,"RESTAURANT,BAR",9:00 PM,FRIDAY,,,98 CRICKET AVE,,ARDMORE,PA,19003,,,,,,,JOHNNY CHEESETEAK,QUIZZO
FOUNDING FATHERS,"RESTAURANT,BAR",8:00 PM,TUESDAY,,SOUTH STREET,1612 SOUTH ST,,PHILADELPHIA,PA,19146,,,,,,,JOHNNY GOODTIMES,QUIZZO
LASCALA'S BIRRA,"RESTAURANT,BAR",8:00 PM,THURSDAY,,PASSYUNK,1700 E PASSYUNK AVE,,PHILADELPHIA,PA,19148,,,,,,,JOHNNY GOODTIMES,QUIZZO
DELI AT DWELL,"RESTAURANT,BAR",7:00 PM,THURSDAY,,FISHTOWN,1301 N AMERICAN ST,,PHILADELPHIA,PA,19122,,,,,,,JOHNNY GOODTIMES,QUIZZO
UNION TAP HOUSE,"RESTAURANT,BAR",7:30 PM,WEDNESDAY,,MANAYUNK,4801 UMBRIA ST,,PHILADELPHIA,PA,19127,CASH,50,,,,,JUSTIN CREDIBLE,QUIZZO
MAGGIE'S WATERFRONT CAFE,"RESTAURANT,BAR",8:00 PM,WEDNESDAY,,TORRESDALE,9242 DELAWARE AVE,,PHILADELPHIA,PA,19114,,,,,,,KATIE DAVIS,QUIZZO
MISCONDUCT TAVERN UNIVERSITY CITY,"RESTAURANT,BAR",7:00 PM,WEDNESDAY,,UNIVERSITY CITY,3131 WALNUT ST,,PHILADELPHIA,PA,19104,,,,,,,LUNCH MONEY QUIZZO,QUIZZO
MISCONDUCT TAVERN RITTENHOUSE,"RESTAURANT,BAR",7:00 PM,WEDNESDAY,,RITTENHOUSE SQUARE,1511 LOCUST ST,,PHILADELPHIA,PA,19102,GIFT_CARD,100,,,,,LUNCH MONEY QUIZZO,QUIZZO
BARSTOOL SANSOM STREET,"RESTAURANT,BAR",7:00 PM,TUESDAY,,CENTER CITY,1213 SANSOM ST,,PHILADELPHIA,PA,19107,,,,,,,LUNCH MONEY QUIZZO,QUIZZO
MISCONDUCT TAVERN JFK,"RESTAURANT,BAR",7:00 PM,TUESDAY,,CENTER CITY,1801 JOHN F KENNEDY BLVD,,PHILADELPHIA,PA,19103,,,,,,,LUNCH MONEY QUIZZO,QUIZZO
SIDE BAR,"RESTAURANT,BAR",8:00 PM,WEDNESDAY,,,10 EAST GAY STREET,,WEST CHESTER,PA,19380,,,,,,,MIKE ARGY,QUIZZO
THE INTERNATIONAL,"RESTAURANT,BAR",7:00 PM,WEDNESDAY,FIRST_OF_MONTH,FISHTOWN,1624 N FRONT ST,,PHILADELPHIA,PA,19122,,,,,,,MIKEV_EE,QUIZZO
OWEN'S PUB,"RESTAURANT,BAR",8:00 PM,WEDNESDAY,,,119 E 17TH AVE,,NORTH WILDWOOD,NJ,8260,,,,,,,MIKEY D,QUIZZO
WORLD OF BEER EXTON,"RESTAURANT,BAR",6:30 PM,SUNDAY,,,102 MAIN ST,STE 100,EXTON,PA,19341,,,,,,,QUIZZO WITH ALYSSA,QUIZZO
CAVANAUGH'S RITTENHOUSE,"RESTAURANT,BAR",6:30 PM,MONDAY,,RITTENHOUSE SQUARE,1823 SANSOM ST,,PHILADELPHIA,PA,19103,,,,,,,QUIZZOINPHILLY,QUIZZO
THE FAIRVIEW,"RESTAURANT,BAR",7:00 PM,THURSDAY,,FAIRMOUNT,601 N 21ST STREET,,PHILADELPHIA,PA,19130,CASH,25,CASH,15,CASH,10,QUIZZOMAN,QUIZZO
MONSTER VEGAN,"RESTAURANT,BAR,VEGAN",7:00 PM,TUESDAY,"FIRST_OF_MONTH,THIRD_OF_MONTH",CENTER CITY,1229 SPRUCE ST,,PHILADELPHIA,PA,19107,,,,,,,SAM WE ARE PODCAST,QUIZZO
GAUL & CO. MALT HOUSE,"RESTAURANT,BAR",8:00 PM,TUESDAY,,PORT RICHMOND,2619 E. INDIANA AVE,,PHILADELPHIA,PA,19134,,,,,,,SEALYONS86,QUIZZO
HILLTOWN TAVERN,"RESTAURANT,BAR",8:30 PM,TUESDAY,,FAIRMOUNT,795 N 24TH ST,,PHILADELPHIA,PA,19130,,,,,,,SETH,QUIZZO
PJ'S BLUEBELL,"RESTAURANT,BAR",7:30 PM,WEDNESDAY,,,799 DEKALB PIKE,,BLUE BELL,PA,19422,,,,,,,THE QUIZZO GUYS,QUIZZO
PJ'S HATFIELD,"RESTAURANT,BAR",8:00 PM,WEDNESDAY,,,190 FORTY FOOT RD,,HATFIELD,PA,19440,,,,,,,THE QUIZZO GUYS,QUIZZO
PJ'S HORSHAM,"RESTAURANT,BAR",8:00 PM,TUESDAY,,,101 EASTON RD,SUITE 300,HORSHAM,PA,19044,,,,,,,THE QUIZZO GUYS,QUIZZO
PJ'S OAKS,"RESTAURANT,BAR",8:30 PM,WEDNESDAY,,,180 MILL RD,,OAKS,PA,19456,,,,,,,THE QUIZZO GUYS,QUIZZO
PIZZA TIME SALOON,"RESTAURANT,BAR",8:00 PM,THURSDAY,,,1900 W POINT PIKE,,WEST POINT,PA,19486,,,,,,,THE QUIZZO GUYS,QUIZZO
JERRY'S BAR,"RESTAURANT,BAR",7:00 PM,TUESDAY,,NORTHERN LIBERTIES,129 W LAUREL ST,,PHILADELPHIA,PA,19123,GIFT_CARD,50,,,,,THEPHILLYQUIZZO,QUIZZO
DUFFERS MILL,"RESTAURANT,BAR",7:00 PM,TUESDAY,,,1600 NAAMANS CREEK RD,,BOOTHWYN,PA,19061,GIFT_CARD,25,,,,,THOMPSON ENT,QUIZZO
PJ'S WEST CHESTER,"RESTAURANT,BAR",7:45 PM,TUESDAY,,,1347 WILMINGTON PIKE,,WEST CHESTER,PA,19382,,,,,,,THOMPSON ENT,QUIZZO
DUFFERS TAVERN,"RESTAURANT,BAR",7:30 PM,WEDNESDAY,,,192 MIDDLETOWN RD,,GLEN MILLS,PA,19342,,,,,,,THOMPSON ENT,QUIZZO
GRID IRON SPORTS BAR,"RESTAURANT,BAR",7:45 PM,WEDNESDAY,,,934 TOWNSHIP LINE RD,,PHOENIXVILLE,PA,19460,,,,,,,THOMPSON ENT,QUIZZO
DUFFERS MILL,"RESTAURANT,BAR",7:00 PM,THURSDAY,,,1601 NAAMANS CREEK RD,,BOOTHWYN,PA,19061,,,,,,,THOMPSON ENTERTAINMENT,QUIZZO
BLACK TAXI,"RESTAURANT,BAR",7:30 PM,WEDNESDAY,,FAIRMOUNT,745 N 25TH ST,,PHILADELPHIA,PA,19130,,,,,,,TIM STEPHENS,QUIZZO
HENRY JAMES SALOON,"RESTAURANT,BAR",7:00 PM,WEDNESDAY,,ROXBOROUGH,577 JAMESTOWN AVE.,,PHILADELPHIA,PA,19128,,,,,,,TRIVIA MONTY,QUIZZO
THE POST,"RESTAURANT,BAR",6:00 PM,TUESDAY,,UNIVERSITY CITY,129 S 30TH ST,,PHILADELPHIA,PA,19104,,,,,,,,QUIZZO
MILKBOY SOUTH STREET,"RESTAURANT,BAR",7:00 PM,MONDAY,,SOUTH STREET,401 SOUTH ST,,PHILADELPHIA,PA,19147,,,,,,,,QUIZZO
SOUTHHOUSE,"RESTAURANT,BAR",8:00 PM,WEDNESDAY,LAST_OF_MONTH,SOUTH PHILADELPHIA,2535 S 13TH ST,,PHILADELPHIA,PA,19148,,,,,,,,QUIZZO
BONK'S BAR,"RESTAURANT,BAR",8:00 PM,TUESDAY,,PORT RICHMOND,3467 RICHMOND ST,,PHILADELPHIA,PA,19134,,,,,,,,QUIZZO
COOK AND SHAKER,"RESTAURANT,BAR",7:00 PM,WEDNESDAY,,PORT RICHMOND,2301 E ALBERT ST,,PHILADELPHIA,PA,19125,,,,,,,,QUIZZO
MIFFLIN TAVERN,"RESTAURANT,BAR",7:00 PM,THURSDAY,,PENNSPORT,1843 S 2ND ST,,PHILADELPHIA,PA,19148,,,,,,,,QUIZZO
MOONSHINE PHILLY,"RESTAURANT,BAR",8:00 PM,TUESDAY,,PENNSPORT,1825 E MOYAMENSING AVE,,PHILADELPHIA,PA,19148,,,,,,,,QUIZZO
NITTY'S TAVERN,"RESTAURANT,BAR",7:00 PM,WEDNESDAY,,PASSYUNK,1720 W MOYAMENSING AVE,,PHILADELPHIA,PA,19145,,,,,,,,QUIZZO
THE ABBAYE,"RESTAURANT,BAR",8:00 PM,THURSDAY,,NORTHERN LIBERTIES,637 N 3RD ST,,PHILADELPHIA,PA,19123,,,,,,,,QUIZZO
STOGIE JOE'S,"RESTAURANT,BAR",7:00 PM,MONDAY,,NEWBOLD,1721 S CHADWICK ST,,PHILADELPHIA,PA,19145,CASH,100,GIFT_CARD,50,GIFT_CARD,25,,QUIZZO
MOUNT AIRY TAP ROOM,"RESTAURANT,BAR",8:00 PM,TUESDAY,,MOUNT AIRY,300 W MT PLEASANT AVE,,PHILADELPHIA,PA,19119,GIFT_CARD,50,GIFT_CARD,30,,,,QUIZZO
JD MCGILLICUDY'S,"RESTAURANT,BAR",8:00 PM,TUESDAY,,MANAYUNK,111 COTTON ST,,PHILADELPHIA,PA,19127,,,,,,,,QUIZZO
DAWSON STREET PUB,"RESTAURANT,BAR",8:00 PM,TUESDAY,,MANAYUNK,100 DAWSON ST,,PHILADELPHIA,PA,19127,,,,,,,,QUIZZO
GRACE TAVERN,"RESTAURANT,BAR",7:30 PM,WEDNESDAY,,GRADUATE HOSPITAL,2229 GRAYS FERRY AVE,,PHILADELPHIA,PA,19146,,,,,,,,QUIZZO
JJ MALLON'S,"RESTAURANT,BAR",9:00 PM,WEDNESDAY,,FISHTOWN,36 W GIRARD AVE,,PHILADELPHIA,PA,19123,,,,,,,,QUIZZO
KRAFTWORK BAR,"RESTAURANT,BAR",7:30 PM,THURSDAY,,FISHTOWN,541 E GIRARD AVE,,PHILADELPHIA,PA,19125,,,,,,,,QUIZZO
FETTE SAU,"RESTAURANT,BAR",6:30 PM,WEDNESDAY,,FISHTOWN,1208 FRANKFORD AVE,,PHILADELPHIA,PA,19125,,,,,,,,QUIZZO
URBAN SALOON,"RESTAURANT,BAR",8:00 PM,WEDNESDAY,,FAIRMOUNT,2120 FAIRMOUNT AVE,,PHILADELPHIA,PA,19130,,,,,,,,QUIZZO
BAR LY,"RESTAURANT,BAR",6:30 PM,TUESDAY,,CHINATOWN,101 N 11TH ST,,PHILADELPHIA,PA,19107,,,,,,,,QUIZZO
JOSE PISTOLA'S,"RESTAURANT,BAR",6:30 PM,MONDAY,,CENTER CITY,263 S 15TH ST,,PHILADELPHIA,PA,19102,,,,,,,,QUIZZO
"FINGERS, WINGS & OTHER THINGS","RESTAURANT,BAR",7:30 PM,THURSDAY,,,107 W RIDGE PIKE,,CONSHOHOCKEN,PA,19428,,,,,,,,QUIZZO
TANNERY RUN BREW WORKS,"RESTAURANT,BAR",7:00 PM,WEDNESDAY,,,131 E BUTLER AVE,,AMBLER,PA,19002,,,,,,,,QUIZZO
HUNT'S ANNEX,"RESTAURANT,BAR",8:00 PM,THURSDAY,,,1311 MACDADE BLVD,,WOODLYN,PA,19094,,,,,,,,QUIZZO
WORLD OF BEER EXTON,"RESTAURANT,BAR",7:00 PM,MONDAY,,,102 MAIN ST,STE 100,EXTON,PA,19341,,,,,,,,QUIZZO
LOCK 29,"RESTAURANT,BAR",7:00 PM,MONDAY,FIRST_OF_MONTH,,127 BRIDGE ST,,MONT CLARE,PA,19453,,,,,,,,QUIZZO
GRID IRON SPORTS BAR,"RESTAURANT,BAR",7:00 PM,MONDAY,,,934 TOWNSHIP LINE RD,,PHOENIXVILLE,PA,19460,,,,,,,,QUIZZO
GAUL & CO. ROCKLEDGE,"RESTAURANT,BAR",8:00 PM,TUESDAY,,,704 HUNTINGDON PIKE,,ROCKLEDGE,PA,19046,,,,,,,,QUIZZO
RIVALS,"RESTAURANT,BAR",7:00 PM,TUESDAY,,,5 LEHNS CT,,EASTON,PA,18042,,,,,,,,QUIZZO
LANDMARK AMERICANA,"RESTAURANT,BAR",7:00 PM,MONDAY,,,1 MULLICA HILL RD,,GLASSBORO,NJ,8028,,,,,,,,QUIZZO
PJ'S HADDON TWP,"RESTAURANT,BAR",7:00 PM,TUESDAY,,,700 N HADDON AVE,,HADDONFIELD,NJ,8033,,,,,,,,QUIZZO
TIME OUT,"RESTAURANT,BAR",7:00 PM,WEDNESDAY,,,2840 PINE RD,,HUNTINGDON VALLEY,PA,19006,,,,,,,,QUIZZO
LANSDALE TAVERN,"RESTAURANT,BAR",7:30 PM,MONDAY,,,839 W MAIN ST,,LANSDALE,PA,19446,,,,,,,,QUIZZO
STATE STREET PUB,"RESTAURANT,BAR",9:00 PM,WEDNESDAY,,,37 E STATE ST,,MEDIA,PA,19063,,,,,,,,QUIZZO
OAKLYN MANOR BAR,"RESTAURANT,BAR",7:00 PM,TUESDAY,,,198 W CLINTON AVE,,OAKLYN,NJ,8107,,,,,,,,QUIZZO
WEST END,"RESTAURANT,BAR",7:30 PM,THURSDAY,,,750 N WEST END BLVD,,QUAKERTOWN,PA,18951,,,,,,,,QUIZZO
THE VILLAGE PUB,"RESTAURANT,BAR",7:00 PM,TUESDAY,,,5 VILLAGE CENTER DR,,SWEDESBORO,NJ,8085,,,,,,,,QUIZZO
GREAT AMERICAN PUB (WAYNE),"RESTAURANT,BAR",8:00 PM,WEDNESDAY,,,4 WEST AVE,,WAYNE,PA,19087,,,,,,,,QUIZZO
DAHLAK,"RESTAURANT,BAR",6:30 PM,THURSDAY,,CEDAR PARK,4708 BALTIMORE AVE,,PHILADELPHIA,PA,19143,,,,,,,,QUIZZO
RACK'S PUB,"RESTAURANT,BAR",7:30 PM,THURSDAY,,,2021 N BLACK HORSE PIKE,,WILLIAMSTOWN,NJ,8094,,,,,,,,QUIZZO
QUEEN & ROOK GAME CAFE,"RESTAURANT,BAR,BOARD_GAMES",7:00 PM,THURSDAY,,SOUTH PHILADELPHIA,607 S 2ND ST,,PHILADELPHIA,PA,19147,,,,,,,,QUIZZO
THE THIRSTY DICE,"RESTAURANT,BAR,BOARD_GAMES",6:30 PM,WEDNESDAY,,FAIRMOUNT,1642 FAIRMOUNT AVE,,PHILADELPHIA,PA,19130,,,,,,,,QUIZZO
TWENTY ONE PIPS,"RESTAURANT,BAR,BOARD_GAMES",7:00 PM,TUESDAY,,,24 CRICKET AVE,,ARDMORE,PA,19003,,,,,,,,QUIZZO
THE VICTORIA FREEHOUSE,"RESTAURANT,BAR,BRITISH_PUB",8:00 PM,WEDNESDAY,,OLD CITY,10 S FRONT ST,,PHILADELPHIA,PA,19106,,,,,,,,QUIZZO
EL CAMINO,"RESTAURANT,BAR,CANTINA",7:00 PM,WEDNESDAY,,NORTHERN LIBERTIES,1040 N 2ND ST,,PHILADELPHIA,PA,19123,,,,,,,,QUIZZO
ADOBE CAFE,"RESTAURANT,BAR,CANTINA",8:00 PM,THURSDAY,,BELLA VISTA,736 S 8TH ST,,PHILADELPHIA,PA,19147,,,,,,,,QUIZZO
TABU,"RESTAURANT,BAR,GAY_BAR",7:00 PM,WEDNESDAY,,GAYBORHOOD,254 S 12TH ST,,PHILADELPHIA,PA,19107,,,,,,,AURORA WHOREALIS,QUIZZO
LIBERTEE GROUNDS,"RESTAURANT,BAR,GOLF",7:00 PM,THURSDAY,,FRANCISVILLE,1600 W GIRARD AVE,SUITE C5,PHILADELPHIA,PA,19130,,,,,,,,QUIZZO
FERGIE'S PUB,"RESTAURANT,BAR,IRISH_PUB",8:00 PM,TUESDAY,,GAYBORHOOD,1214 SANSOM ST,,PHILADELPHIA,PA,19107,CASH,50,CASH,25,,,JAWNYQ,QUIZZO
FERGIE'S PUB,"RESTAURANT,BAR,IRISH_PUB",8:00 PM,THURSDAY,,GAYBORHOOD,1214 SANSOM ST,,PHILADELPHIA,PA,19107,CASH,50,CASH,25,,,JAWNYQ,QUIZZO
TIR NA NOG,"RESTAURANT,BAR,IRISH_PUB",7:00 PM,TUESDAY,,CENTER CITY,1600 ARCH ST,,PHILADELPHIA,PA,19103,,,,,,,KARLY MOON,QUIZZO
CURRAN'S BENSALEM,"RESTAURANT,BAR,IRISH_PUB",7:30 PM,MONDAY,,,1909 BRISTOL PIKE,,BENSALEM,PA,19020,,,,,,,LUNCH MONEY QUIZZO,QUIZZO
NEW DECK TAVERN,"RESTAURANT,BAR,IRISH_PUB",8:00 PM,WEDNESDAY,,UNIVERSITY CITY,3408 SANSOM ST,,PHILADELPHIA,PA,19104,,,,,,,,QUIZZO
THE BLACK SHEEP,"RESTAURANT,BAR,IRISH_PUB",8:00 PM,WEDNESDAY,,RITTENHOUSE SQUARE,247 S 17TH ST,,PHILADELPHIA,PA,19103,,,,,,,,QUIZZO
KELLIANN'S BAR AND GRILL,"RESTAURANT,BAR,IRISH_PUB",8:30 PM,WEDNESDAY,,FAIRMOUNT,1549 SPRING GARDEN STREET,,PHILADELPHIA,PA,19130,,,,,,,,QUIZZO
DOLAN'S BAR RIDLEY PARK,"RESTAURANT,BAR,IRISH_PUB",8:00 PM,TUESDAY,,,24 E SELLERS AVE,,RIDLEY PARK,PA,19078,,,,,,,,QUIZZO
KILDARES,"RESTAURANT,BAR,IRISH_PUB",9:00 PM,MONDAY,,,18 W GAY ST,,WEST CHESTER,PA,19380,,,,,,,,QUIZZO
SLIGO IRISH PUB,"RESTAURANT,BAR,IRISH_PUB",8:00 PM,TUESDAY,,,113 W STATE ST,,MEDIA,PA,19063,,,,,,,,QUIZZO
TOP TOMATO,"RESTAURANT,BAR,PIZZERIA",7:00 PM,TUESDAY,,GAYBORHOOD,116 S 11TH ST,,PHILADELPHIA,PA,19107,,,,,,,,QUIZZO
LOCO PEZ,"RESTAURANT,BAR,TAQUERIA",7:00 PM,MONDAY,,GRADUATE HOSPITAL,700 S 20TH ST,,PHILADELPHIA,PA,19146,,,,,,,JOHNNY GOODTIMES,QUIZZO
CHAR AND STAVE,"ROASTERY,DISTILLERY",7:00 PM,TUESDAY,,,21 RITTENHOUSE PL,,ARDMORE,PA,19003,,,,,,,,QUIZZO
CITY WINERY,WINERY,7:00 PM,TUESDAY,LAST_OF_MONTH,CENTER CITY,990 FILBERT ST,,PHILADELPHIA,PA,19107,,,,,,,,QUIZZO